/*
 * Insert test-data into tables.
 */

/* Set up users. */
INSERT INTO faq_user(logon, password, email, create_date, last_login, state)
  VALUES ('cread', 'cread123', 'cread@mukuju.com', now(), now(), 1);
INSERT INTO faq_user(logon, password, email, create_date, last_login, state)
  VALUES ('ender', 'ender123', 'ender@game.com', now(), now(), 1);
INSERT INTO faq_user(logon, password, email, create_date, last_login, state)
  VALUES ('daedelus', 'daedelus123', 'daedelus@joyce.com', now(), now(), 1);
INSERT INTO faq_user(logon, password, email, create_date, last_login, state)
  VALUES ('admin', 'admin123', 'admin@mukuju.com', now(), now(), 1);
INSERT INTO faq_user(logon, password, email, create_date, last_login, state)
  VALUES ('user0_', 'user0_123', 'user0_@mukuju.com', now(), now(), 1);
INSERT INTO faq_user(logon, password, email, create_date, last_login, state)
  VALUES ('user1_', 'user1_123', 'user1_@mukuju.com', now(), now(), 1);
INSERT INTO faq_user(logon, password, email, create_date, last_login, state)
  VALUES ('user2_', 'user2_123', 'user2_@mukuju.com', now(), now(), 1);
INSERT INTO faq_user(logon, password, email, create_date, last_login, state)
  VALUES ('user3_', 'user3_123', 'user3_@mukuju.com', now(), now(), 1);
INSERT INTO faq_user(logon, password, email, create_date, last_login, state)
  VALUES ('user4_', 'user4_123', 'user4_@mukuju.com', now(), now(), 1);
INSERT INTO faq_user(logon, password, email, create_date, last_login, state)
  VALUES ('user5_', 'user5_123', 'user5_@mukuju.com', now(), now(), 1);
INSERT INTO faq_user(logon, password, email, create_date, last_login, state)
  VALUES ('user6_', 'user6_123', 'user6_@mukuju.com', now(), now(), 1);
INSERT INTO faq_user(logon, password, email, create_date, last_login, state)
  VALUES ('user7_', 'user7_123', 'user7_@mukuju.com', now(), now(), 1);
INSERT INTO faq_user(logon, password, email, create_date, last_login, state)
  VALUES ('user8_', 'user8_123', 'user8_@mukuju.com', now(), now(), 1);
INSERT INTO faq_user(logon, password, email, create_date, last_login, state)
  VALUES ('user9_', 'user9_123', 'user9_@mukuju.com', now(), now(), 1);
INSERT INTO faq_user(logon, password, email, create_date, last_login, state)
  VALUES ('user10_', 'user10_123', 'user10_@mukuju.com', now(), now(), 1);
INSERT INTO faq_user(logon, password, email, create_date, last_login, state)
  VALUES ('user11_', 'user11_123', 'user11_@mukuju.com', now(), now(), 1);
INSERT INTO faq_user(logon, password, email, create_date, last_login, state)
  VALUES ('user12_', 'user12_123', 'user12_@mukuju.com', now(), now(), 1);
INSERT INTO faq_user(logon, password, email, create_date, last_login, state)
  VALUES ('user13_', 'user13_123', 'user13_@mukuju.com', now(), now(), 1);
INSERT INTO faq_user(logon, password, email, create_date, last_login, state)
  VALUES ('user14_', 'user14_123', 'user14_@mukuju.com', now(), now(), 1);
INSERT INTO faq_user(logon, password, email, create_date, last_login, state)
  VALUES ('user15_', 'user15_123', 'user15_@mukuju.com', now(), now(), 1);
INSERT INTO faq_user(logon, password, email, create_date, last_login, state)
  VALUES ('user16_', 'user16_123', 'user16_@mukuju.com', now(), now(), 1);
INSERT INTO faq_user(logon, password, email, create_date, last_login, state)
  VALUES ('user17_', 'user17_123', 'user17_@mukuju.com', now(), now(), 1);
INSERT INTO faq_user(logon, password, email, create_date, last_login, state)
  VALUES ('user18_', 'user18_123', 'user18_@mukuju.com', now(), now(), 1);
INSERT INTO faq_user(logon, password, email, create_date, last_login, state)
  VALUES ('user19_', 'user19_123', 'user19_@mukuju.com', now(), now(), 1);
INSERT INTO faq_user(logon, password, email, create_date, last_login, state)
  VALUES ('user20_', 'user20_123', 'user20_@mukuju.com', now(), now(), 1);
INSERT INTO faq_user(logon, password, email, create_date, last_login, state)
  VALUES ('user21_', 'user21_123', 'user21_@mukuju.com', now(), now(), 1);
INSERT INTO faq_user(logon, password, email, create_date, last_login, state)
  VALUES ('user22_', 'user22_123', 'user22_@mukuju.com', now(), now(), 1);
INSERT INTO faq_user(logon, password, email, create_date, last_login, state)
  VALUES ('user23_', 'user23_123', 'user23_@mukuju.com', now(), now(), 1);
INSERT INTO faq_user(logon, password, email, create_date, last_login, state)
  VALUES ('user24_', 'user24_123', 'user24_@mukuju.com', now(), now(), 1);
INSERT INTO faq_user(logon, password, email, create_date, last_login, state)
  VALUES ('user25_', 'user25_123', 'user25_@mukuju.com', now(), now(), 1);
INSERT INTO faq_user(logon, password, email, create_date, last_login, state)
  VALUES ('user26_', 'user26_123', 'user26_@mukuju.com', now(), now(), 1);
INSERT INTO faq_user(logon, password, email, create_date, last_login, state)
  VALUES ('user27_', 'user27_123', 'user27_@mukuju.com', now(), now(), 1);
INSERT INTO faq_user(logon, password, email, create_date, last_login, state)
  VALUES ('user28_', 'user28_123', 'user28_@mukuju.com', now(), now(), 1);
INSERT INTO faq_user(logon, password, email, create_date, last_login, state)
  VALUES ('user29_', 'user29_123', 'user29_@mukuju.com', now(), now(), 1);
INSERT INTO faq_user(logon, password, email, create_date, last_login, state)
  VALUES ('user30_', 'user30_123', 'user30_@mukuju.com', now(), now(), 1);
INSERT INTO faq_user(logon, password, email, create_date, last_login, state)
  VALUES ('user31_', 'user31_123', 'user31_@mukuju.com', now(), now(), 1);
INSERT INTO faq_user(logon, password, email, create_date, last_login, state)
  VALUES ('user32_', 'user32_123', 'user32_@mukuju.com', now(), now(), 1);
INSERT INTO faq_user(logon, password, email, create_date, last_login, state)
  VALUES ('user33_', 'user33_123', 'user33_@mukuju.com', now(), now(), 1);
INSERT INTO faq_user(logon, password, email, create_date, last_login, state)
  VALUES ('user34_', 'user34_123', 'user34_@mukuju.com', now(), now(), 1);
INSERT INTO faq_user(logon, password, email, create_date, last_login, state)
  VALUES ('user35_', 'user35_123', 'user35_@mukuju.com', now(), now(), 1);

/* Set up roles. */
INSERT INTO role(role_name)
  VALUES ('ajaqs-admin');
INSERT INTO role(role_name)
  VALUES ('ajaqs-user');

/* Map roles to users. */
INSERT INTO user_role(logon, role_name)
  VALUES ('cread', 'ajaqs-admin');
INSERT INTO user_role(logon, role_name)
  VALUES ('cread', 'ajaqs-user');
INSERT INTO user_role(logon, role_name)
  VALUES ('ender', 'ajaqs-user');
INSERT INTO user_role(logon, role_name)
  VALUES ('daedelus', 'ajaqs-user');

/*
 * Set up data for Ajaqs project.
 */
INSERT INTO project(proj_id, name, create_date, state)
  VALUES (nextval('project_seq'), 'Ajaqs', now(), 1);

INSERT INTO user_project(logon, proj_id)
  VALUES ('cread', currval('project_seq'));
INSERT INTO user_project(logon, proj_id)
  VALUES ('ender', currval('project_seq'));
INSERT INTO user_project(logon, proj_id)
  VALUES ('daedelus', currval('project_seq'));

/* FAQ #1 */
INSERT INTO faq(faq_id, name, create_date, state, proj_id)
  VALUES (nextval('faq_seq'), 'Origins', now(), 1, currval('project_seq'));

/* FAQ #2 */
INSERT INTO faq(faq_id, name, create_date, state, proj_id)
  VALUES (nextval('faq_seq'), 'Software Requirements', now(), 1, currval('project_seq'));

/* FAQ #3 */
INSERT INTO faq(faq_id, name, create_date, state, proj_id)
  VALUES (nextval('faq_seq'), 'End-user Help', now(), 1, currval('project_seq'));

/*
 * Set up data for WebKiosk project.
 */
INSERT INTO project(proj_id, name, create_date, state)
  VALUES (nextval('project_seq'), 'WebKiosk', now(), 1);

INSERT INTO user_project(logon, proj_id)
  VALUES ('cread', currval('project_seq'));
INSERT INTO user_project(logon, proj_id)
  VALUES ('daedelus', currval('project_seq'));

INSERT INTO faq(faq_id, name, create_date, state, proj_id)
  VALUES (nextval('faq_seq'), 'Origins', now(), 1, currval('project_seq'));
INSERT INTO faq(faq_id, name, create_date, state, proj_id)
  VALUES (nextval('faq_seq'), 'Software Requirements', now(), 1, currval('project_seq'));
INSERT INTO faq(faq_id, name, create_date, state, proj_id)
  VALUES (nextval('faq_seq'), 'End-user Help', now(), 1, currval('project_seq'));
INSERT INTO faq(faq_id, name, create_date, state, proj_id)
  VALUES (nextval('faq_seq'), 'Upgrades', now(), 1, currval('project_seq'));

/*
 * Set up data for xdelimitarea project.
 */
INSERT INTO project(proj_id, name, create_date, state)
  VALUES (nextval('project_seq'), 'xdelimitarea', now(), 1);

INSERT INTO user_project(logon, proj_id)
  VALUES ('cread', currval('project_seq'));

INSERT INTO faq(faq_id, name, create_date, state, proj_id)
  VALUES (nextval('faq_seq'), 'Configuration', now(), 1, currval('project_seq'));
INSERT INTO faq(faq_id, name, create_date, state, proj_id)
  VALUES (nextval('faq_seq'), 'Customer service', now(), 1, currval('project_seq'));
INSERT INTO faq(faq_id, name, create_date, state, proj_id)
  VALUES (nextval('faq_seq'), 'Versions / Releases', now(), 1, currval('project_seq'));


/*
 * Project #0
 */
INSERT INTO project(proj_id, name, create_date, state)
  VALUES (nextval('project_seq'), 'Project #0', now(), 1);

INSERT INTO user_project(logon, proj_id)
  VALUES ('cread', currval('project_seq'));

INSERT INTO faq(faq_id, name, create_date, state, proj_id)
  VALUES (nextval('faq_seq'), 'FAQ #11', now(), 1, currval('project_seq'));
INSERT INTO faq(faq_id, name, create_date, state, proj_id)
  VALUES (nextval('faq_seq'), 'FAQ #12', now(), 1, currval('project_seq'));
INSERT INTO faq(faq_id, name, create_date, state, proj_id)
  VALUES (nextval('faq_seq'), 'FAQ #13', now(), 1, currval('project_seq'));
INSERT INTO faq(faq_id, name, create_date, state, proj_id)
  VALUES (nextval('faq_seq'), 'FAQ #14', now(), 1, currval('project_seq'));
INSERT INTO faq(faq_id, name, create_date, state, proj_id)
  VALUES (nextval('faq_seq'), 'FAQ #15', now(), 1, currval('project_seq'));
INSERT INTO faq(faq_id, name, create_date, state, proj_id)
  VALUES (nextval('faq_seq'), 'FAQ #16', now(), 1, currval('project_seq'));
INSERT INTO faq(faq_id, name, create_date, state, proj_id)
  VALUES (nextval('faq_seq'), 'FAQ #17', now(), 1, currval('project_seq'));
INSERT INTO faq(faq_id, name, create_date, state, proj_id)
  VALUES (nextval('faq_seq'), 'FAQ #18', now(), 1, currval('project_seq'));
INSERT INTO faq(faq_id, name, create_date, state, proj_id)
  VALUES (nextval('faq_seq'), 'FAQ #19', now(), 1, currval('project_seq'));
INSERT INTO faq(faq_id, name, create_date, state, proj_id)
  VALUES (nextval('faq_seq'), 'FAQ #20', now(), 1, currval('project_seq'));
INSERT INTO faq(faq_id, name, create_date, state, proj_id)
  VALUES (nextval('faq_seq'), 'FAQ #21', now(), 1, currval('project_seq'));
INSERT INTO faq(faq_id, name, create_date, state, proj_id)
  VALUES (nextval('faq_seq'), 'FAQ #22', now(), 1, currval('project_seq'));
INSERT INTO faq(faq_id, name, create_date, state, proj_id)
  VALUES (nextval('faq_seq'), 'FAQ #23', now(), 1, currval('project_seq'));
INSERT INTO faq(faq_id, name, create_date, state, proj_id)
  VALUES (nextval('faq_seq'), 'FAQ #24', now(), 1, currval('project_seq'));
INSERT INTO faq(faq_id, name, create_date, state, proj_id)
  VALUES (nextval('faq_seq'), 'FAQ #25', now(), 1, currval('project_seq'));
INSERT INTO faq(faq_id, name, create_date, state, proj_id)
  VALUES (nextval('faq_seq'), 'FAQ #26', now(), 1, currval('project_seq'));
INSERT INTO faq(faq_id, name, create_date, state, proj_id)
  VALUES (nextval('faq_seq'), 'FAQ #27', now(), 1, currval('project_seq'));
INSERT INTO faq(faq_id, name, create_date, state, proj_id)
  VALUES (nextval('faq_seq'), 'FAQ #28', now(), 1, currval('project_seq'));
INSERT INTO faq(faq_id, name, create_date, state, proj_id)
  VALUES (nextval('faq_seq'), 'FAQ #29', now(), 1, currval('project_seq'));
INSERT INTO faq(faq_id, name, create_date, state, proj_id)
  VALUES (nextval('faq_seq'), 'FAQ #30', now(), 1, currval('project_seq'));
INSERT INTO faq(faq_id, name, create_date, state, proj_id)
  VALUES (nextval('faq_seq'), 'FAQ #31', now(), 1, currval('project_seq'));
INSERT INTO faq(faq_id, name, create_date, state, proj_id)
  VALUES (nextval('faq_seq'), 'FAQ #32', now(), 1, currval('project_seq'));
INSERT INTO faq(faq_id, name, create_date, state, proj_id)
  VALUES (nextval('faq_seq'), 'FAQ #33', now(), 1, currval('project_seq'));
INSERT INTO faq(faq_id, name, create_date, state, proj_id)
  VALUES (nextval('faq_seq'), 'FAQ #34', now(), 1, currval('project_seq'));
INSERT INTO faq(faq_id, name, create_date, state, proj_id)
  VALUES (nextval('faq_seq'), 'FAQ #35', now(), 1, currval('project_seq'));
INSERT INTO faq(faq_id, name, create_date, state, proj_id)
  VALUES (nextval('faq_seq'), 'FAQ #36', now(), 1, currval('project_seq'));
INSERT INTO faq(faq_id, name, create_date, state, proj_id)
  VALUES (nextval('faq_seq'), 'FAQ #37', now(), 1, currval('project_seq'));
INSERT INTO faq(faq_id, name, create_date, state, proj_id)
  VALUES (nextval('faq_seq'), 'FAQ #38', now(), 1, currval('project_seq'));
INSERT INTO faq(faq_id, name, create_date, state, proj_id)
  VALUES (nextval('faq_seq'), 'FAQ #39', now(), 1, currval('project_seq'));
INSERT INTO faq(faq_id, name, create_date, state, proj_id)
  VALUES (nextval('faq_seq'), 'FAQ #40', now(), 1, currval('project_seq'));
INSERT INTO faq(faq_id, name, create_date, state, proj_id)
  VALUES (nextval('faq_seq'), 'FAQ #41', now(), 1, currval('project_seq'));
INSERT INTO faq(faq_id, name, create_date, state, proj_id)
  VALUES (nextval('faq_seq'), 'FAQ #42', now(), 1, currval('project_seq'));
INSERT INTO faq(faq_id, name, create_date, state, proj_id)
  VALUES (nextval('faq_seq'), 'FAQ #43', now(), 1, currval('project_seq'));
INSERT INTO faq(faq_id, name, create_date, state, proj_id)
  VALUES (nextval('faq_seq'), 'FAQ #44', now(), 1, currval('project_seq'));

/*
 * Project #1
 */
INSERT INTO project(proj_id, name, create_date, state)
  VALUES (nextval('project_seq'), 'Project #1', now(), 1);

INSERT INTO user_project(logon, proj_id)
  VALUES ('cread', currval('project_seq'));


/*
 * Project #2
 */
INSERT INTO project(proj_id, name, create_date, state)
  VALUES (nextval('project_seq'), 'Project #2', now(), 1);

INSERT INTO user_project(logon, proj_id)
  VALUES ('cread', currval('project_seq'));


/*
 * Project #3
 */
INSERT INTO project(proj_id, name, create_date, state)
  VALUES (nextval('project_seq'), 'Project #3', now(), 1);

INSERT INTO user_project(logon, proj_id)
  VALUES ('cread', currval('project_seq'));


/*
 * Project #4
 */
INSERT INTO project(proj_id, name, create_date, state)
  VALUES (nextval('project_seq'), 'Project #4', now(), 1);

INSERT INTO user_project(logon, proj_id)
  VALUES ('cread', currval('project_seq'));


/*
 * Project #5
 */
INSERT INTO project(proj_id, name, create_date, state)
  VALUES (nextval('project_seq'), 'Project #5', now(), 1);

INSERT INTO user_project(logon, proj_id)
  VALUES ('cread', currval('project_seq'));


/*
 * Project #6
 */
INSERT INTO project(proj_id, name, create_date, state)
  VALUES (nextval('project_seq'), 'Project #6', now(), 1);

INSERT INTO user_project(logon, proj_id)
  VALUES ('cread', currval('project_seq'));


/*
 * Project #7
 */
INSERT INTO project(proj_id, name, create_date, state)
  VALUES (nextval('project_seq'), 'Project #7', now(), 1);

INSERT INTO user_project(logon, proj_id)
  VALUES ('cread', currval('project_seq'));


/*
 * Project #8
 */
INSERT INTO project(proj_id, name, create_date, state)
  VALUES (nextval('project_seq'), 'Project #8', now(), 1);

INSERT INTO user_project(logon, proj_id)
  VALUES ('cread', currval('project_seq'));


/*
 * Project #9
 */
INSERT INTO project(proj_id, name, create_date, state)
  VALUES (nextval('project_seq'), 'Project #9', now(), 1);

INSERT INTO user_project(logon, proj_id)
  VALUES ('cread', currval('project_seq'));


/*
 * Project #10
 */
INSERT INTO project(proj_id, name, create_date, state)
  VALUES (nextval('project_seq'), 'Project #10', now(), 1);

INSERT INTO user_project(logon, proj_id)
  VALUES ('cread', currval('project_seq'));


/*
 * Project #11
 */
INSERT INTO project(proj_id, name, create_date, state)
  VALUES (nextval('project_seq'), 'Project #11', now(), 1);

INSERT INTO user_project(logon, proj_id)
  VALUES ('cread', currval('project_seq'));


/*
 * Project #12
 */
INSERT INTO project(proj_id, name, create_date, state)
  VALUES (nextval('project_seq'), 'Project #12', now(), 1);

INSERT INTO user_project(logon, proj_id)
  VALUES ('cread', currval('project_seq'));


/*
 * Project #13
 */
INSERT INTO project(proj_id, name, create_date, state)
  VALUES (nextval('project_seq'), 'Project #13', now(), 1);

INSERT INTO user_project(logon, proj_id)
  VALUES ('cread', currval('project_seq'));


/*
 * Project #14
 */
INSERT INTO project(proj_id, name, create_date, state)
  VALUES (nextval('project_seq'), 'Project #14', now(), 1);

INSERT INTO user_project(logon, proj_id)
  VALUES ('cread', currval('project_seq'));


/*
 * Project #15
 */
INSERT INTO project(proj_id, name, create_date, state)
  VALUES (nextval('project_seq'), 'Project #15', now(), 1);

INSERT INTO user_project(logon, proj_id)
  VALUES ('cread', currval('project_seq'));


/*
 * Project #16
 */
INSERT INTO project(proj_id, name, create_date, state)
  VALUES (nextval('project_seq'), 'Project #16', now(), 1);

INSERT INTO user_project(logon, proj_id)
  VALUES ('cread', currval('project_seq'));


/*
 * Project #17
 */
INSERT INTO project(proj_id, name, create_date, state)
  VALUES (nextval('project_seq'), 'Project #17', now(), 1);

INSERT INTO user_project(logon, proj_id)
  VALUES ('cread', currval('project_seq'));


/*
 * Project #18
 */
INSERT INTO project(proj_id, name, create_date, state)
  VALUES (nextval('project_seq'), 'Project #18', now(), 1);

INSERT INTO user_project(logon, proj_id)
  VALUES ('cread', currval('project_seq'));


/*
 * Project #19
 */
INSERT INTO project(proj_id, name, create_date, state)
  VALUES (nextval('project_seq'), 'Project #19', now(), 1);

INSERT INTO user_project(logon, proj_id)
  VALUES ('cread', currval('project_seq'));


/*
 * Project #20
 */
INSERT INTO project(proj_id, name, create_date, state)
  VALUES (nextval('project_seq'), 'Project #20', now(), 1);

INSERT INTO user_project(logon, proj_id)
  VALUES ('cread', currval('project_seq'));


/*
 * Project #21
 */
INSERT INTO project(proj_id, name, create_date, state)
  VALUES (nextval('project_seq'), 'Project #21', now(), 1);

INSERT INTO user_project(logon, proj_id)
  VALUES ('cread', currval('project_seq'));


/*
 * Project #22
 */
INSERT INTO project(proj_id, name, create_date, state)
  VALUES (nextval('project_seq'), 'Project #22', now(), 1);

INSERT INTO user_project(logon, proj_id)
  VALUES ('cread', currval('project_seq'));


/*
 * Project #23
 */
INSERT INTO project(proj_id, name, create_date, state)
  VALUES (nextval('project_seq'), 'Project #23', now(), 1);

INSERT INTO user_project(logon, proj_id)
  VALUES ('cread', currval('project_seq'));


/*
 * Project #24
 */
INSERT INTO project(proj_id, name, create_date, state)
  VALUES (nextval('project_seq'), 'Project #24', now(), 1);

INSERT INTO user_project(logon, proj_id)
  VALUES ('cread', currval('project_seq'));


/*
 * Project #25
 */
INSERT INTO project(proj_id, name, create_date, state)
  VALUES (nextval('project_seq'), 'Project #25', now(), 1);

INSERT INTO user_project(logon, proj_id)
  VALUES ('cread', currval('project_seq'));


/*
 * Project #26
 */
INSERT INTO project(proj_id, name, create_date, state)
  VALUES (nextval('project_seq'), 'Project #26', now(), 1);

INSERT INTO user_project(logon, proj_id)
  VALUES ('cread', currval('project_seq'));


/*
 * Project #27
 */
INSERT INTO project(proj_id, name, create_date, state)
  VALUES (nextval('project_seq'), 'Project #27', now(), 1);

INSERT INTO user_project(logon, proj_id)
  VALUES ('cread', currval('project_seq'));


/*
 * Project #28
 */
INSERT INTO project(proj_id, name, create_date, state)
  VALUES (nextval('project_seq'), 'Project #28', now(), 1);

INSERT INTO user_project(logon, proj_id)
  VALUES ('cread', currval('project_seq'));


/*
 * Project #29
 */
INSERT INTO project(proj_id, name, create_date, state)
  VALUES (nextval('project_seq'), 'Project #29', now(), 1);

INSERT INTO user_project(logon, proj_id)
  VALUES ('cread', currval('project_seq'));


/*
 * Project #30
 */
INSERT INTO project(proj_id, name, create_date, state)
  VALUES (nextval('project_seq'), 'Project #30', now(), 1);

INSERT INTO user_project(logon, proj_id)
  VALUES ('cread', currval('project_seq'));


/*
 * Project #31
 */
INSERT INTO project(proj_id, name, create_date, state)
  VALUES (nextval('project_seq'), 'Project #31', now(), 1);

INSERT INTO user_project(logon, proj_id)
  VALUES ('cread', currval('project_seq'));


/*
 * Project #32
 */
INSERT INTO project(proj_id, name, create_date, state)
  VALUES (nextval('project_seq'), 'Project #32', now(), 1);

INSERT INTO user_project(logon, proj_id)
  VALUES ('cread', currval('project_seq'));


/*
 * Project #33
 */
INSERT INTO project(proj_id, name, create_date, state)
  VALUES (nextval('project_seq'), 'Project #33', now(), 1);

INSERT INTO user_project(logon, proj_id)
  VALUES ('cread', currval('project_seq'));


/*
 * Project #34
 */
INSERT INTO project(proj_id, name, create_date, state)
  VALUES (nextval('project_seq'), 'Project #34', now(), 1);

INSERT INTO user_project(logon, proj_id)
  VALUES ('cread', currval('project_seq'));


/*
 * Project #35
 */
INSERT INTO project(proj_id, name, create_date, state)
  VALUES (nextval('project_seq'), 'Project #35', now(), 1);

INSERT INTO user_project(logon, proj_id)
  VALUES ('cread', currval('project_seq'));


/*
 * Project #36
 */
INSERT INTO project(proj_id, name, create_date, state)
  VALUES (nextval('project_seq'), 'Project #36', now(), 1);

INSERT INTO user_project(logon, proj_id)
  VALUES ('cread', currval('project_seq'));


/*
 * Project #37
 */
INSERT INTO project(proj_id, name, create_date, state)
  VALUES (nextval('project_seq'), 'Project #37', now(), 1);

INSERT INTO user_project(logon, proj_id)
  VALUES ('cread', currval('project_seq'));
